ID,Instagram,Hours spent,Linkedin,Hours spent ,Snapchat,Hours spent ,Twitter,Hours spent,Whatsapp/ Wechat,Hours spent ,Youtube,Hours spent ,"OTT (Netflix, Hulu, Prime video)",Hours spent,Reddit,Hours spent ,"Application type(Social media, OTT, Learning)",How many job interview calls received in this week.?,How much networking done with coffee chats?,How many learning done in terms of items created?,Mood Productivity,Tired waking up in morning,Trouble falling asleep,How you felt the entire week?
masinl,Yes,03:30,Yes,04:00,Yes,01:00,Yes,05:00,Yes,01:00,Yes,02:30,Yes,14.5,Yes,2.5,OTT,0,0,3,Yes,No,No,3
peace,Yes,07:44,Yes,05:12,Yes,03:41,No,N/A,Yes,04:11,Yes,04:15,No,N/A,No,N/A,Social Media,0,1,3,Yes,No,Yes,3
Patty,Yes,03:46,Yes,07:00,Yes,00:32,No,N/A,Yes,09:50,Yes,01:51,Yes,02:00,No,N/A,Social Media,0,0,4,Yes,No,No,4
Bunny,Yes,05:23,Yes,05:19,Yes,01:18,No,N/A,Yes,05:18,Yes,02:00,Yes,02:00,No,N.A,Social Media,2,0,4,Yes,No,No,4
tl868,No,N/A,Yes,00:35,No,N/A,Yes,00:40,Yes,03:00,Yes,03:30,Yes,02:00,Yes,01:00,OTT,0,2,4,Yes,Yes,Yes,3
drphy,Yes,02:20,Yes,07:00,Yes,00:28,No,N/A,Yes,12:00,Yes,07:00,NA,03:00,No,N/A,Social Media,0,0,4,Yes,No,No,5
trave,yes,05:22,yes,04:00,No,N/A,No,,Yes,06:00,Yes,03:00,NA,N/A,No,N/A,Social media,0,2,3,Yes,Yes,No,4
19!@s,Yes,07:00,Yes,04:00,Yes,03:00,No,N/A,Yes,10:00,Yes,02:00,Yes,03:00,No,N/A,Social media,0,0,2,Yes,Yes,Yes,4
yh2020,Yes,08:39,Yes,10:00,Yes,03:50,No,N/A,Yes,06:09,Yes,04:00,Yes,03:00,No,N/A,Social Media,1,0,6,Yes,No,No,3
ds2134,Yes,00:10,Yes,00:00,No,N/A,No,N/A,Yes,01:00,Yes,03:00,No,N/A,No,N/A,N/A,0,0,2,No,No,No,2
ki567,Yes,04:35,Yes,02:08,Yes,00:25,Yes,02:25,Yes,01:00,Yes,01:00,No,N/A,No,N/A,"Social Media, Learning",0,1,2,Yes,No,Yes,4
ak2001,Yes,03:20,Yes,02:30,Yes,00:20,Yes,02:50,Yes,03:40,Yes,02:30,Yes,01:30,No,N/A,"Social Media, OTT, Learning",0,2,5,Yes,No,No,3
Harvey,Yes,05:20,Yes,01:30,Yes,00:36,No,N/A,Yes,04:00,Yes,00:30,Yes,0.510416667,Yes,00:06,"Social Media, OTT, Learning",1,0,2,Yes,Yes,Yes,4
hahah,Yes,06:00,Yes,03:00,Yes,01:00,Yes,01:00,Yes,03:25,Yes,02:30,Yes,01:00,No,NA,NO,0,0,3,Yes,No,No,3
AKIRA,Yes,04:39,Yes,03:45,Yes,01:25,No,N/A,Yes,06:30,Yes,03:08,Yes,01:55,Yes,07:00,Netflix,0,1,1,Yes,No,No,3
vp1234,Yes,07:00,Yes,05:00,yes,00:25,No,N/A,Yes,05:00,Yes,05:00,Yes,01:00,Yes,00:30,Social Media,1,0,5,Yes,Yes,Yes,5
sss32,Yes,09:48,Yes,00:48,No,N/A,Yes,00:16,Yes,13:21,Yes,03:32,Yes,01:41,No,N/A,Social media,0,0,2,Yes,No,No,3
MVA37@S,Yes,06:48,Yes,01:55,Yes,01:52,No,N/A,Yes,06:57,Yes,00:48,Yes,02:28,No,N/A,Social Media,0,0,1,Yes,Yes,No,3
2134,Yes,05:40,Yes,03:55,No,N/A,No,N/A,Yes,08:55,Yes,05:09,No,N/A,No,N/A,N/A,0,2,4,Yes,No,No,3
15801,Yes,15:01,Yes,03:57,Yes,07:19,No,N/A,Yes,15:21,Yes,05:10,Yes,10:00,No,N/A,Social Media,0,0,1,Yes,No,Yes,3
Baiqi,Yes,00:20,Yes,00:31,No,N/A,No,N/A,Yes,08:23,No,N/A,No,N/A,No,N/A,Social Media,0,0,3,Yes,Yes,No,4
azhena,Yes,08:00,Yes,02:00,No,N/A,No,N/A,Yes,12:00,Yes,4:00,No,N/A,No,N/A,N/A,N/A,N/A,N/A,Yes,No,No,3