ID,Instagram,Hours_spent,Instagram_value,Linkedin,Hours_spent ,Linkedin_value,Snapchat,Hours_spent ,Snapchat_value,Twitter,Hours spent,Twitter_value,Whatsapp_Wechat,Hours_spent ,Whatsapp_Wechat_value,Youtube,Hours_spent ,Youtube_value,OTT_Netflix_Hulu_Prime video,Hours_spent,OTT_Netflix_Hulu_Prime_video_value,Reddit,Hours_spent ,Reddit_value,Application_type_Social media_OTT_Learning,job_interview_calls,networking_done_with_coffee_chats,learning_done_in_terms_of_items_created,Mood_Productivity,Tired_waking_up_in_morning,Trouble_falling_asleep,felt_the_entire_week
masinl,Yes,03:30,3.5,Yes,04:00,4,Yes,01:00,1,Yes,05:00,5,Yes,01:00,1,Yes,02:30,2.5,Yes,14.5,14.5,Yes,2.5,2.5,OTT,0,0,3,Yes,No,No,3
peace,Yes,07:44,7.73,Yes,05:12,5.2,Yes,03:41,3.68,No,00:00,0,Yes,04:11,4.18,Yes,04:15,4.25,No,00:00,0,No,00:00,0,Social Media,0,1,3,Yes,No,Yes,3
Patty,Yes,03:46,3.77,Yes,07:00,7,Yes,00:32,0.53,No,00:00,0,Yes,09:50,9.83,Yes,01:51,1.85,Yes,02:00,2,No,00:00,0,Social Media,0,0,4,Yes,No,No,4
Bunny,Yes,05:23,5.38,Yes,05:19,5.32,Yes,01:18,1.3,No,00:00,0,Yes,05:18,5.3,Yes,02:00,2,Yes,02:00,2,No,00:00,0,Social Media,2,0,4,Yes,No,No,4
tl868,No,00:00,0,Yes,00:35,0.58,No,00:00,0,Yes,00:40,0.67,Yes,03:00,3,Yes,03:30,3.5,Yes,02:00,2,Yes,01:00,1,OTT,0,2,4,Yes,Yes,Yes,3
drphy,Yes,02:20,2.33,Yes,07:00,7,Yes,00:28,0.47,No,00:00,0,Yes,12:00,12,Yes,07:00,7,NA,03:00,3,No,00:00,0,Social Media,0,0,4,Yes,No,No,5
trave,yes,05:22,5.37,yes,04:00,4,No,00:00,0,No,00:00,0,Yes,06:00,6,Yes,03:00,3,NA,00:00,0,No,00:00,0,Social media,0,2,3,Yes,Yes,No,4
19!@s,Yes,07:00,7,Yes,04:00,4,Yes,03:00,3,No,00:00,0,Yes,10:00,10,Yes,02:00,2,Yes,03:00,3,No,00:00,0,Social media,0,0,2,Yes,Yes,Yes,4
yh2020,Yes,08:39,8.65,Yes,10:00,10,Yes,03:50,3.83,No,00:00,0,Yes,06:09,6.15,Yes,04:00,4,Yes,03:00,3,No,00:00,0,Social Media,1,0,6,Yes,No,No,3
ds2134,Yes,00:10,0.17,Yes,00:00,0,No,00:00,0,No,00:00,0,Yes,01:00,1,Yes,03:00,3,No,00:00,0,No,00:00,0,NO,0,0,2,No,No,No,2
ki567,Yes,04:35,4.58,Yes,02:08,2.13,Yes,00:25,0.42,Yes,02:25,2.42,Yes,01:00,1,Yes,01:00,1,No,00:00,0,No,00:00,0,"Social Media, Learning",0,1,2,Yes,No,Yes,4
ak2001,Yes,03:20,3.33,Yes,02:30,2.5,Yes,00:20,0.33,Yes,02:50,2.83,Yes,03:40,3.67,Yes,02:30,2.5,Yes,01:30,1.5,No,00:00,0,"Social Media, OTT, Learning",0,2,5,Yes,No,No,3
Harvey,Yes,05:20,5.33,Yes,01:30,1.5,Yes,00:36,0.6,No,00:00,0,Yes,04:00,4,Yes,00:30,0.5,Yes,0.510416667,0.51,Yes,00:06,0.1,"Social Media, OTT, Learning",1,0,2,Yes,Yes,Yes,4
hahah,Yes,06:00,6,Yes,03:00,3,Yes,01:00,1,Yes,01:00,1,Yes,03:25,3.42,Yes,02:30,2.5,Yes,01:00,1,No,00:00,0,NO,0,0,3,Yes,No,No,3
AKIRA,Yes,04:39,4.65,Yes,03:45,3.75,Yes,01:25,1.42,No,00:00,0,Yes,06:30,6.5,Yes,03:08,3.13,Yes,01:55,1.92,Yes,07:00,7,Netflix,0,1,1,Yes,No,No,3
vp1234,Yes,07:00,7,Yes,05:00,5,yes,00:25,0.42,No,00:00,0,Yes,05:00,5,Yes,05:00,5,Yes,01:00,1,Yes,00:30,0.5,Social Media,1,0,5,Yes,Yes,Yes,5
sss32,Yes,09:48,9.8,Yes,00:48,0.8,No,00:00,0,Yes,00:16,0.27,Yes,13:21,13.35,Yes,03:32,3.53,Yes,01:41,1.68,No,00:00,0,Social media,0,0,2,Yes,No,No,3
MVA37@S,Yes,06:48,6.8,Yes,01:55,1.92,Yes,01:52,1.87,No,00:00,0,Yes,06:57,6.95,Yes,00:48,0.8,Yes,02:28,2.47,No,00:00,0,Social Media,0,0,1,Yes,Yes,No,3
2134,Yes,05:40,5.67,Yes,03:55,3.92,No,00:00,0,No,00:00,0,Yes,08:55,8.92,Yes,05:09,5.15,No,00:00,0,No,00:00,0,NO,0,2,4,Yes,No,No,3
15801,Yes,15:01,15.02,Yes,03:57,3.95,Yes,07:19,7.32,No,00:00,0,Yes,15:21,15.35,Yes,05:10,5.17,Yes,10:00,10,No,00:00,0,Social Media,0,0,1,Yes,No,Yes,3
Baiqi,Yes,00:20,0.33,Yes,00:31,0.52,No,00:00,0,No,00:00,0,Yes,08:23,8.38,No,00:00,0,No,00:00,0,No,00:00,0,Social Media,0,0,3,Yes,Yes,No,4
azhena,Yes,08:00,8,Yes,02:00,2,No,00:00,0,No,00:00,0,Yes,12:00,12,Yes,04:00,4,No,00:00,0,No,00:00,0,NO,0,0,3,Yes,No,No,3
Mean_Value,,,5.47,,,3.55,,,1.24,,,0.55,,,6.68,,,3.02,,,2.25,,,0.5,,0.23,0.5,3.05,,,,3.45